[Header],,,,,,,,,,,
IEMFileVersion,4,,,,,,,,,,
Investigator Name,KMPC,,,,,,,,,,
Experiment Name,TSCP_Nextera Myeloid Val1  Repeat,,,,,,,,,,
Date,09/05/2016,,,,,,,,,,
Workflow,Enrichment,,,,,,,,,,
Application,Enrichment,,,,,,,,,,
Assay,TruSight Enrichment,,,,,,,,,,
Description,,,,,,,,,,,
Chemistry,Amplicon,,,,,,,,,,
worksheet,run2,,,,,,,,,,
[Manifests],,,,,,,,,,,
A,trusight_cancer_manifest_a_current.txt,,,,,,,,,,
,,,,,,,,,,,
[Reads],,,,,,,,,,,
151,,,,,,,,,,,
151,,,,,,,,,,,
,,,,,,,,,,,
[Settings],,,,,,,,,,,
,,,,,,,,,,,
,,,,,,,,,,,
,,,,,,,,,,,
[Data],,,,,,,,,,,Description
Sample_ID,Sample_Name,Sample_Plate,Sample_Well,I7_Index_ID,index,I5_Index_ID,index2,Manifest,GenomeFolder,Sample_Project,
1,01_D00.00000_Neg_Nextera Myeloid Val1  Repeat,TSCP_Nextera Myeloid Val1  Repeat,A01,N701,TAAGGCGA,E505,GTAAGGAG,A,Homo_sapiens\UCSC\hg19\Sequence\WholeGenomeFASTA,TSM-001,
2,02_D15.18331_AR_Nextera Myeloid Val1  Repeat,TSCP_Nextera Myeloid Val1  Repeat,A02,N702,CGTACTAG,E505,GTAAGGAG,A,Homo_sapiens\UCSC\hg19\Sequence\WholeGenomeFASTA,TSM-001,
3,03_D15.21584_RD_Nextera Myeloid Val1  Repeat,TSCP_Nextera Myeloid Val1  Repeat,A03,N703,AGGCAGAA,E505,GTAAGGAG,A,Homo_sapiens\UCSC\hg19\Sequence\WholeGenomeFASTA,TSM-001,
4,04_D15.22373_HT_Nextera Myeloid Val1  Repeat,TSCP_Nextera Myeloid Val1  Repeat,A04,N704,TCCTGAGC,E505,GTAAGGAG,A,Homo_sapiens\UCSC\hg19\Sequence\WholeGenomeFASTA,TSM-001,
5,05_D15.20343_JR_Nextera Myeloid Val1  Repeat,TSCP_Nextera Myeloid Val1  Repeat,A05,N705,GGACTCCT,E505,GTAAGGAG,A,Homo_sapiens\UCSC\hg19\Sequence\WholeGenomeFASTA,TSM-001,
6,06_D15.25430_BH_Nextera Myeloid Val1  Repeat,TSCP_Nextera Myeloid Val1  Repeat,A06,N706,TAGGCATG,E505,GTAAGGAG,A,Homo_sapiens\UCSC\hg19\Sequence\WholeGenomeFASTA,TSM-001,
7,07_D03.21521_KT_Nextera Myeloid Val1  Repeat,TSCP_Nextera Myeloid Val1  Repeat,A07,N707,CTCTCTAC,E505,GTAAGGAG,A,Homo_sapiens\UCSC\hg19\Sequence\WholeGenomeFASTA,TSM-001,
8,08_D15.08791_AD_Nextera Myeloid Val1  Repeat,TSCP_Nextera Myeloid Val1  Repeat,A08,N708,CAGAGAGG,E505,GTAAGGAG,A,Homo_sapiens\UCSC\hg19\Sequence\WholeGenomeFASTA,TSM-001,
9,09_D15.08798_MK_Nextera Myeloid Val1  Repeat,TSCP_Nextera Myeloid Val1  Repeat,A09,N709,GCTACGCT,E505,GTAAGGAG,A,Homo_sapiens\UCSC\hg19\Sequence\WholeGenomeFASTA,TSM-001,
10,10_D15.04183_CS_Nextera Myeloid Val1  Repeat,TSCP_Nextera Myeloid Val1  Repeat,A10,N710,CGAGGCTG,E505,GTAAGGAG,A,Homo_sapiens\UCSC\hg19\Sequence\WholeGenomeFASTA,TSM-001,
11,11_D15.00899_DR_Nextera Myeloid Val1  Repeat,TSCP_Nextera Myeloid Val1  Repeat,A11,N711,AAGAGGCA,E505,GTAAGGAG,A,Homo_sapiens\UCSC\hg19\Sequence\WholeGenomeFASTA,TSM-001,
12,12_D15.50424_LB_Nextera Myeloid Val1  Repeat,TSCP_Nextera Myeloid Val1  Repeat,A12,N712,GTAGAGGA,E505,GTAAGGAG,A,Homo_sapiens\UCSC\hg19\Sequence\WholeGenomeFASTA,TSM-001,
13,13_D15.45066_AG_Nextera Myeloid Val1  Repeat,TSCP_Nextera Myeloid Val1  Repeat,B01,N701,TAAGGCGA,E506,ACTGCATA,A,Homo_sapiens\UCSC\hg19\Sequence\WholeGenomeFASTA,TSM-001,
14,14_D14.45300_CB_Nextera Myeloid Val1  Repeat,TSCP_Nextera Myeloid Val1  Repeat,B02,N702,CGTACTAG,E506,ACTGCATA,A,Homo_sapiens\UCSC\hg19\Sequence\WholeGenomeFASTA,TSM-001,
15,15_D15.35262_GP_Nextera Myeloid Val1  Repeat,TSCP_Nextera Myeloid Val1  Repeat,B03,N703,AGGCAGAA,E506,ACTGCATA,A,Homo_sapiens\UCSC\hg19\Sequence\WholeGenomeFASTA,TSM-001,
16,16_D14.33938_ES_Nextera Myeloid Val1  Repeat,TSCP_Nextera Myeloid Val1  Repeat,B04,N704,TCCTGAGC,E506,ACTGCATA,A,Homo_sapiens\UCSC\hg19\Sequence\WholeGenomeFASTA,TSM-001,
17,17_D13.42537_RB_Nextera Myeloid Val1  Repeat,TSCP_Nextera Myeloid Val1  Repeat,B05,N705,GGACTCCT,E506,ACTGCATA,A,Homo_sapiens\UCSC\hg19\Sequence\WholeGenomeFASTA,TSM-001,
18,18_D14.16565_AA_Nextera Myeloid Val1  Repeat,TSCP_Nextera Myeloid Val1  Repeat,B06,N706,TAGGCATG,E506,ACTGCATA,A,Homo_sapiens\UCSC\hg19\Sequence\WholeGenomeFASTA,TSM-001,
19,19_D15.31492_AC_Nextera Myeloid Val1  Repeat,TSCP_Nextera Myeloid Val1  Repeat,B07,N707,CTCTCTAC,E506,ACTGCATA,A,Homo_sapiens\UCSC\hg19\Sequence\WholeGenomeFASTA,TSM-001,
20,20_D15.41762_MC_Nextera Myeloid Val1  Repeat,TSCP_Nextera Myeloid Val1  Repeat,B08,N708,CAGAGAGG,E506,ACTGCATA,A,Homo_sapiens\UCSC\hg19\Sequence\WholeGenomeFASTA,TSM-001,
21,21_D14.30832_BY_Nextera Myeloid Val1  Repeat,TSCP_Nextera Myeloid Val1  Repeat,B09,N709,GCTACGCT,E506,ACTGCATA,A,Homo_sapiens\UCSC\hg19\Sequence\WholeGenomeFASTA,TSM-001,
22,22_D14.27112_BD_Nextera Myeloid Val1  Repeat,TSCP_Nextera Myeloid Val1  Repeat,B10,N710,CGAGGCTG,E506,ACTGCATA,A,Homo_sapiens\UCSC\hg19\Sequence\WholeGenomeFASTA,TSM-001,
23,23_D15.02217_LT_Nextera Myeloid Val1  Repeat,TSCP_Nextera Myeloid Val1  Repeat,B11,N711,AAGAGGCA,E506,ACTGCATA,A,Homo_sapiens\UCSC\hg19\Sequence\WholeGenomeFASTA,TSM-001,
24,24_D15.26810_FM_Nextera Myeloid Val1  Repeat,TSCP_Nextera Myeloid Val1  Repeat,B12,N712,GTAGAGGA,E506,ACTGCATA,A,Homo_sapiens\UCSC\hg19\Sequence\WholeGenomeFASTA,TSM-001,
